Date,btc_close,next_week_up,btc_log_return,btc_4w_vol,btc_volume_log_change,fear_greed_value,dxy_log_return,dgs10_change,state
2018-03-04,11086.400390625,0,0.0734685193965027,0.0766514611157933,0.0285386780709089,41.4,0.0006673917285882,-0.02,3
2018-03-11,9337.5498046875,0,-0.1716752828455394,0.1400197682925915,0.0502277746338606,45.4,0.0016663215264998,0.04,3
2018-03-18,8338.349609375,1,-0.1131785760560699,0.1114036909373784,-0.202965602019006,37.4,0.0015528731967,-0.0499999999999998,3
2018-03-25,8879.6201171875,0,0.0628934682690225,0.1239926685407891,-0.0127227101552449,33.2,-0.0087939665072234,-0.0300000000000002,3
2018-04-01,7165.7001953125,0,-0.21445299558947,0.1219471300303658,-0.3038412272292596,24.25,0.0079069298719565,-0.0799999999999996,1
2018-04-08,6636.31982421875,1,-0.0767482144053577,0.1147346617964513,0.0675657447308601,18.2,-0.0004438135549751,0.0299999999999998,1
2018-04-15,7895.9599609375,1,0.1737936648168929,0.1686191525971999,0.2317211530647185,20.0,-0.003446143728258,0.0499999999999998,1
2018-04-22,8845.830078125,1,0.1135949390527226,0.1779370580188584,0.125744507738851,24.8,0.0057739071704849,0.1400000000000001,1
2018-04-29,8987.0498046875,1,0.0158384601521621,0.1101907830573659,0.2688307075767504,44.6,0.013417128764309,0.0,3
2018-05-06,9700.759765625,0,0.0764195782751269,0.0662469209870409,-0.0651806195211541,55.6,0.0111890665555298,-0.0099999999999997,3
2018-05-13,8441.490234375,0,-0.1390453477196089,0.1113738641035197,-0.1239200216806395,55.0,-0.0003241184102487,0.02,3
2018-05-20,8250.9697265625,0,-0.022828125022837,0.0908000800376724,-0.1426159713209003,36.0,0.0118166427324766,0.0899999999999998,3
2018-05-27,7480.14013671875,1,-0.098079209386297,0.0946803661793704,-0.1584714232202309,29.8,0.0058564086500956,-0.1299999999999999,3
2018-06-03,7541.4501953125,1,0.0081629704556149,0.0675558600688258,-0.2945085132861464,25.75,0.0,-0.04,3
2018-06-10,7624.919921875,0,0.0110073232671954,0.0507964680404864,0.1241186297550704,37.4,-0.0068179594129667,0.04,3
2018-06-17,6456.580078125,0,-0.1663220424471738,0.0864788850256528,0.007911513929816,19.2,0.0131678427816561,0.0,3
2018-06-24,6083.68994140625,1,-0.059488367794561,0.0830956246744066,-0.1339696481023367,31.6,-0.0028525113203139,-0.0300000000000002,3
2018-07-01,6218.2998046875,1,0.0218851159407567,0.0865980586482967,-0.0540213529186992,18.2,0.0011631046925923,-0.0499999999999998,3
2018-07-08,6673.5,0,0.0706479338438992,0.1036520828866313,-0.0595733307730448,32.25,-0.0062542880883302,-0.0300000000000002,3
2018-07-15,6238.0498046875,1,-0.0674768576988977,0.0664973367960956,0.032568802751836,33.4,0.0075216105551572,0.0100000000000002,3
2018-07-22,7354.1298828125,1,0.1645944420091876,0.0968206327326149,0.345915985176024,41.6,-0.0030653891867871,0.06,3
2018-07-29,8165.009765625,0,0.1045958782142584,0.0983712397046928,0.0547654241550183,49.4,0.0023263330932685,0.0699999999999998,3
2018-08-05,7434.39013671875,0,-0.0937413719049491,0.1270927563147947,-0.1468790768523646,43.0,0.0048466967198192,-0.0099999999999997,3
2018-08-12,6184.7099609375,1,-0.1840364397538216,0.1639817548705992,-0.0856370873206699,22.6,0.0127416994919107,-0.08,1
2018-08-19,6580.6298828125,1,0.0620503568290544,0.1346103557874227,0.0492244278215387,19.0,-0.0027018839825325,0.0,1
2018-08-26,6719.9599609375,1,0.0209517286965823,0.111746262889339,-0.2046545106805695,20.6,-0.0099346903194934,-0.0500000000000002,1
2018-09-02,7037.580078125,0,0.0461821758520102,0.1148030717845756,0.1244630791401597,19.0,-0.0001051251898847,0.04,1
2018-09-09,6467.06982421875,1,-0.0845412527662716,0.0660075474200639,-0.0923419565672034,18.5,0.0024146078012083,0.08,3
2018-09-16,6512.7099609375,1,0.0070325268338766,0.0569840297073796,0.0026708501703893,18.0,-0.0040977139254856,0.0500000000000002,3
2018-09-23,6734.9501953125,0,0.0335547686865407,0.0590315014249563,0.161340803474971,25.0,-0.0080338922367833,0.0799999999999996,3
2018-09-30,6644.1298828125,0,-0.0135766744815732,0.0505947462615321,-0.0189906167194031,40.2,0.0102424336831559,-0.02,0
2018-10-07,6622.47998046875,0,-0.0032638212453246,0.0202433522361301,-0.1697319633191867,34.0,0.0045071120109536,0.1800000000000001,0
2018-10-14,6274.580078125,1,-0.0539633562448429,0.0359910701263437,0.0471540100827176,23.4,-0.0041920153356942,-0.08,0
2018-10-21,6465.41015625,1,0.0299598898289339,0.0345811129760594,0.1258349855666303,23.4,0.0051327600559849,0.0500000000000002,0
2018-10-28,6474.75,0,0.0014435440147728,0.0349077772147992,-0.283490369916155,25.6,0.0067684074385709,-0.1200000000000001,0
2018-11-04,6388.43994140625,0,-0.0134198988443365,0.0349675060395145,0.1519016677468343,32.4,0.001866255634999,0.1400000000000001,0
2018-11-11,6385.6201171875,0,-0.000441492250955,0.0182851178315182,0.122485425358807,46.0,0.0038253108194785,-0.0300000000000002,0
2018-11-18,5575.5498046875,0,-0.1356576735478434,0.0660903090722474,0.2222581129648446,41.6,-0.0045506586990553,-0.1099999999999998,3
2018-11-25,4347.10986328125,0,-0.2488797071145558,0.1166819127253392,-0.0746401003463681,19.0,0.0046537852197214,-0.0300000000000002,1
2018-12-02,4017.2685546875,0,-0.0789090173613544,0.104519451548986,0.1996783612509993,15.8,0.0036047053139576,-0.04,1
2018-12-09,3419.937255859375,0,-0.1609800030162897,0.0707300615460975,-0.3471470612427723,13.25,-0.0078439303159942,-0.1599999999999997,1
2018-12-16,3242.48486328125,1,-0.0532822356934534,0.0884429910042911,-0.0113801434018903,14.4,0.0095901769632149,0.04,1
2018-12-23,3896.543701171875,1,0.1837499607596413,0.1480438945547484,0.4173422261236617,24.6,-0.0049383161383849,-0.1,1
2018-12-30,3923.918701171875,0,0.0070008934002387,0.1442548928093668,-0.384397346099341,25.25,-0.0058960574149118,-0.0699999999999998,1
2019-01-06,3857.717529296875,0,-0.0170151282044841,0.1053791740759814,-0.1903885044578537,34.25,-0.0020770279181663,-0.0500000000000002,3
2019-01-13,3687.365478515625,0,-0.0451634543302432,0.1032950555846587,0.3751656505486487,35.2,-0.0054206769948077,0.04,3
2019-01-20,3657.83935546875,0,-0.0080396075398425,0.0219377402585027,-0.0367845471971008,24.8,0.0069788126389305,0.08,0
2019-01-27,3599.765869140625,0,-0.0160038260608441,0.016242443537653,-0.240118206713646,33.0,-0.0057252582372777,-0.0300000000000002,0
2019-02-03,3487.9453125,1,-0.0315559798291964,0.0165124834412219,0.3441239914279634,23.6,-0.0021946926451397,-0.0599999999999996,0
2019-02-10,3666.7802734375,0,0.0500011401469624,0.035631523734935,-0.0419214895474624,23.4,0.0110291155634696,-0.0700000000000002,0
2019-02-17,3620.810791015625,1,-0.0126159911374372,0.0359874915736168,0.0920829477699314,44.6,0.0028931491851098,0.0300000000000002,0
2019-02-24,4005.526611328125,0,0.1009770841703012,0.0605517263728378,0.0811934995627368,61.0,-0.0042392250020366,-0.0100000000000002,3
2019-03-03,3859.583740234375,1,-0.0371157220037705,0.0623712315880822,0.195333642052379,41.4,0.0002071761608277,0.1099999999999998,3
2019-03-10,3901.131591796875,1,0.0107073244483704,0.0602445689319488,0.1552555295455135,44.6,0.0086643549836651,-0.1399999999999996,3
2019-03-17,3960.9111328125,1,0.0152074200521621,0.0574599090288434,0.0138654916500762,55.2,-0.0079394577757225,-0.0300000000000002,0
2019-03-24,4023.96826171875,1,0.0157944626748278,0.0256104097717307,-0.0005690509167557,57.0,0.0005174960193912,-0.1499999999999999,0
2019-03-31,4098.37451171875,1,0.0183218890230918,0.0031694354044867,0.0588463563489476,46.4,0.006497184227495,-0.0299999999999998,0
2019-04-07,5036.68115234375,1,0.2061569291142326,0.0948674594482294,0.5380173949767943,62.6,0.0012328206450868,0.0899999999999998,2
2019-04-14,5089.5390625,1,0.0104399053394104,0.0957088506640505,-0.1420951886806918,59.6,-0.0044245614096807,0.06,2
2019-04-21,5298.3857421875,0,0.0402149282231061,0.0924445266817679,-0.4476501448159062,58.75,0.0051429859680869,0.0099999999999997,2
2019-04-28,5279.34814453125,1,-0.0035995645978168,0.0969720991636235,0.4736924428601234,58.6,0.0055248852041307,-0.06,2
2019-05-05,5768.28955078125,1,0.0885729656124798,0.0407660180155736,-0.0648255164216813,49.6,-0.005012085327146,0.0300000000000002,2
2019-05-12,6378.84912109375,1,0.1006120943074222,0.0477901777122372,0.1331079682510356,65.8,-0.0019501654987363,-0.0699999999999998,2
2019-05-19,7343.8955078125,1,0.1408817324364992,0.0610556316207454,0.5797253693249473,74.6,0.0068601934193202,-0.08,2
2019-05-26,7987.37158203125,1,0.0839923172295034,0.0258785566859127,-0.2049508598679352,67.8,-0.0039875252307375,-0.0700000000000002,2
2019-06-02,8574.501953125,0,0.0709311678895687,0.0303848904381998,-0.1927884339382188,69.0,0.0014332454256402,-0.1799999999999997,2
2019-06-09,8043.951171875,1,-0.0638725083349278,0.0867277433225332,0.0447184664473176,39.2,-0.0117309370183713,-0.0500000000000002,2
2019-06-16,8693.8330078125,1,0.0776935228690209,0.0709066151304069,-0.1365883024241725,59.4,0.0098878041449923,0.0,2
2019-06-23,10144.556640625,1,0.1543233454369073,0.0906892667966819,-0.08847495573902,82.8,-0.0139328170342043,-0.02,2
2019-06-30,12407.33203125,0,0.2013503206409996,0.1159627061253256,0.654146424791179,83.2,-0.0009358354517061,-0.0699999999999998,2
2019-07-07,10978.4599609375,1,-0.1223524230314812,0.1428069785085052,-0.3566415005637999,68.5,0.0115835689923704,0.04,2
2019-07-14,11815.986328125,0,0.0735182204863171,0.1428228233849622,0.1777668338175182,67.2,-0.0045347129851096,0.08,2
2019-07-21,10530.732421875,0,-0.1151555087032214,0.1568745073708424,-0.1352998757511194,30.2,0.0035059220164246,-0.0700000000000002,1
2019-07-28,9870.3037109375,1,-0.0647672553703575,0.0908261989991579,-0.382122861425362,33.6,0.0088133445472635,0.0300000000000002,3
2019-08-04,10518.1748046875,1,0.0635740705135674,0.0938856882634701,-0.0372597648161487,38.0,0.0009178149398616,-0.2199999999999999,3
2019-08-11,11862.9365234375,0,0.1203142672589621,0.1094970965474144,0.3094755872059842,59.2,-0.0062375642881198,-0.1200000000000001,3
2019-08-18,10374.3388671875,1,-0.1340836214210412,0.1163821733998846,-0.1403552237555487,29.6,0.0066452377136885,-0.1899999999999999,3
2019-08-25,10407.96484375,0,0.0032360229524144,0.109243984913249,-0.1150768976348963,23.6,-0.0051077851688461,-0.03,3
2019-09-01,9598.173828125,1,-0.0809985092526535,0.1109514177925606,-0.0223734235761234,29.4,0.0130241848690371,-0.02,3
2019-09-08,10353.302734375,1,0.0757327194373047,0.0924723004560741,-0.1483750171190685,42.0,-0.0053722574684718,0.05,3
2019-09-15,10360.546875,0,0.0006994490214946,0.0640487364736525,0.0969571052211151,39.4,-0.0013221181931912,0.3499999999999998,3
2019-09-22,10181.6416015625,0,-0.0174187669576522,0.064496174886756,0.0496941184129724,37.8,0.0025410390719118,-0.1599999999999999,3
2019-09-29,8251.845703125,0,-0.210149358727099,0.1217806512359934,0.1822455221856032,26.2,0.0060722630239373,-0.05,3
2019-10-06,8205.939453125,1,-0.0055786812892204,0.1016363349969301,-0.2988824352033674,34.2,-0.0030315610781599,-0.1699999999999999,3
2019-10-13,8321.7568359375,0,0.0140151750815995,0.1043855756466972,0.2205582542826505,36.6,-0.0051747313003129,0.24,3
2019-10-20,7973.20751953125,1,-0.0427865297411109,0.1021045190298983,-0.1660515718065163,39.2,-0.0104306525289583,0.0,3
2019-10-27,8660.7001953125,1,0.0827087123011978,0.0526444825873306,0.2649608965663361,30.6,0.0056378915165256,0.04,3
2019-11-03,9261.1044921875,0,0.0670277438914972,0.0568695080991796,0.3261310719371018,51.6,-0.0060491697067526,-0.07,3
2019-11-10,8804.880859375,0,-0.0505171063222,0.0705217434630934,-0.1187742291258615,50.4,0.0113504018410015,0.2099999999999999,3
2019-11-17,8491.9921875,0,-0.0361825869802459,0.0688021288540251,-0.2132599177926977,39.2,-0.0035650506497129,-0.0999999999999998,3
2019-11-24,7296.57763671875,1,-0.1517182025195644,0.0894960762901781,0.1938770036482218,30.4,0.0027512795434532,-0.07,3
2019-12-01,7761.24365234375,0,0.0617371644939268,0.0873442001158113,-0.1113852042119418,22.25,0.0,0.01,3
2019-12-08,7546.99658203125,0,-0.0279929054198557,0.0875244991259026,-0.1726827252713292,26.0,-0.0058172304012948,0.06,3
2019-12-15,7269.6845703125,0,-0.0374367776599076,0.0875154890525004,-0.0216777350163219,24.6,-0.0054395248052108,-0.02,3
2019-12-22,7218.81640625,1,-0.0070218959377168,0.0447854139501804,0.3285163653136607,21.2,0.0055418955788892,0.0999999999999998,0
2019-12-29,7290.08837890625,1,0.0098246624398807,0.0212164513213662,-0.2434146950075906,33.75,-0.0081180215305183,-0.04,0
2020-01-05,7344.88427734375,1,0.0074883849509195,0.0217500803815228,-0.0362570276476006,38.75,-0.0008257828021154,-0.0799999999999998,0
2020-01-12,8166.55419921875,1,0.1060430030587546,0.0518446928978396,0.3840313905171442,43.4,0.005355360694514,0.03,3
2020-01-19,8929.0380859375,0,0.0892616146827336,0.0518452388464686,0.249281390515911,53.6,0.0025644984915453,0.01,3
2020-01-26,8445.4345703125,1,-0.0556826641220471,0.0751864935074073,-0.5921043818689427,47.5,0.0024557248081888,-0.1400000000000001,3
2020-02-02,9350.529296875,1,0.1018069431655988,0.0776873843538526,0.4735718846652084,54.6,-0.0047121485420023,-0.1899999999999999,3
2020-02-09,9795.943359375,1,0.0465354060677913,0.0714715626535563,0.0782562985949333,57.0,0.0131587650477147,0.08,3
2020-02-16,10312.1162109375,0,0.0513511780015942,0.0660376611913347,0.2369462034281895,59.6,0.0044489702768162,0.0,3
2020-02-23,9686.44140625,0,-0.0625924205441226,0.0692478012223172,-0.1684882818760726,47.75,0.0014114266503062,-0.1300000000000001,3
2020-03-01,8672.455078125,1,-0.1105751944735651,0.0806853225754741,0.2361297381391551,42.0,-0.0114495894516757,-0.33,3
2020-03-08,9122.5458984375,0,0.0505970006185201,0.0817998220576386,-0.1288524289471162,39.2,-0.0224659115811833,-0.3899999999999999,3
2020-03-15,5563.70703125,1,-0.4944843023255068,0.2366645121241241,0.2441692598763865,14.8,0.0287642131332317,0.1999999999999999,1
2020-03-22,6198.7783203125,1,0.1080876091897149,0.2715216085183206,-0.118734781036796,9.8,0.0403884798780689,-0.0199999999999999,1
2020-03-29,6469.79833984375,1,0.0427927120088291,0.282327030541229,-0.0829933742705577,12.2,-0.0442439762137025,-0.2,1
2020-04-05,6733.38720703125,1,0.0399333772182366,0.2808140478467579,-0.0607830968900557,12.4,0.0222175415031786,-0.0999999999999999,1
2020-04-12,7302.08935546875,0,0.0810822035298208,0.0326664988068075,-0.1856244137707747,18.75,-0.0105948536891533,0.1099999999999999,1
2020-04-19,7096.1845703125,1,-0.0286032651396457,0.045637197729411,0.1197169077695967,14.4,0.0026091549393223,-0.0799999999999999,1
2020-04-26,7550.90087890625,1,0.0621096227106399,0.0478730717618406,-0.0141594303786263,18.0,0.0059952066659967,-0.05,1
2020-05-03,8864.7666015625,1,0.1604177332465433,0.0776247584997873,0.2805847349586869,32.8,-0.0158653212228836,0.04,3
2020-05-10,9842.666015625,0,0.1046419998160956,0.079737322203,0.0429110304104511,46.0,0.0093689324319363,0.0499999999999999,3
2020-05-17,9328.197265625,0,-0.0536848338431426,0.0907836584958181,-0.006897248404531,40.8,0.0066956543816312,-0.0499999999999999,3
2020-05-24,9182.5771484375,1,-0.0157338767140196,0.1004067745140429,-0.2892348008280585,48.6,-0.0053930112710904,0.02,3
2020-05-31,9439.1240234375,1,0.0275552813668067,0.0679548150991543,-0.3654854405068484,41.75,-0.0153383864400087,-0.01,3
2020-06-07,9665.533203125,0,0.0237030978699532,0.038158866303205,0.1380718330316312,52.2,-0.0143385691425823,0.26,0
2020-06-14,9480.84375,0,-0.019292964123398,0.0250002534070683,-0.184022808158673,49.8,0.0039122591775804,-0.2,0
2020-06-21,9288.0185546875,0,-0.0205480733719731,0.0263500995614395,-0.1564344026072888,38.6,0.00307790381492,-0.01,0
2020-06-28,9162.91796875,0,-0.0135605586005791,0.0209735323915581,-0.118367790886154,42.4,-0.0012300405906433,-0.0599999999999999,0
2020-07-05,9123.41015625,1,-0.004321028661602,0.0073942876599801,-0.3768395759160974,42.25,-0.0018478632242766,0.04,0
2020-07-12,9278.8076171875,0,0.0168893941786283,0.0162689809507899,0.2909662243045225,42.4,-0.006908293337509,-0.03,0
2020-07-19,9151.392578125,1,-0.0138269869777651,0.0144233054283234,-0.0619538582808978,42.8,-0.0073731999208783,-0.01,0
2020-07-26,9536.892578125,1,0.0412616447990359,0.0244783670191289,0.0237392069554651,49.2,-0.015758283452425,-0.05,0
2020-08-02,11323.466796875,1,0.1717095731930253,0.0816404847665624,0.4839824254715381,71.2,-0.0101102822153169,-0.0399999999999999,2
2020-08-09,11601.47265625,1,0.0242547631497416,0.0806006664852721,-0.1808519351053448,75.6,-0.0005349106454151,0.0199999999999999,2
2020-08-16,11768.87109375,0,0.0143259596226954,0.073395351321042,0.1447169416676708,78.0,-0.0036453773146361,0.14,2
2020-08-23,11592.4892578125,0,-0.0151005921688707,0.083628099240013,-0.0575342950199058,80.2,0.001609890630581,-0.0699999999999999,2
2020-08-30,11542.5,0,-0.0043215352342702,0.0177807692096612,-0.086906982782402,75.6,-0.0094817781848393,0.0999999999999999,2
2020-09-06,10511.8134765625,0,-0.0935361576723856,0.0475004054572093,0.2153315861623177,70.4,0.0037819318578886,-0.02,2
2020-09-13,10400.9150390625,1,-0.0106059309244646,0.0419967190964422,0.1190474240303309,39.5,0.0065574069998239,-0.0499999999999999,0
2020-09-20,10944.5859375,0,0.050951112255591,0.0595798283057263,0.0378326774014183,45.2,-0.004295094343619,0.0299999999999999,0
2020-09-27,10692.716796875,0,-0.0232820625423109,0.0592664531872004,-0.0026889194423098,43.0,0.0175995317224009,-0.0399999999999999,0
2020-10-04,10575.974609375,1,-0.0109779541866927,0.0334754348647226,0.3333813553354332,44.6,-0.0078548912553966,0.0399999999999999,0
2020-10-11,11064.4580078125,1,0.0451531074000239,0.0380403842576203,-0.059507924076982,45.2,-0.0083467451384358,0.09,0
2020-10-18,11322.123046875,1,0.0230206137717967,0.0313251062429637,-0.5409631051122226,53.8,0.0066403023653549,-0.03,0
2020-10-25,12931.5390625,1,0.1329106125554133,0.0614258069782444,0.2615927413836836,63.8,-0.0097614470674747,0.0899999999999999,2
2020-11-01,13546.5224609375,1,0.0464606533815192,0.0485556205058798,0.1396501929454032,69.4,0.0135969579277501,0.03,2
2020-11-08,15565.880859375,1,0.1389515251692774,0.059252196117848,-0.0535560671169008,75.6,-0.0194347397623362,-0.05,2
2020-11-15,16317.80859375,1,0.0471756685694266,0.0515092622351161,-0.1278721675500804,88.4,0.0057300417719403,0.06,2
2020-11-22,18621.314453125,0,0.1320497997968441,0.051279166021433,0.2204956332388832,89.4,-0.0039967943405798,-0.06,2
2020-11-29,17108.40234375,1,-0.0847371550131672,0.1041266305444387,-0.0906102485974251,89.5,-0.0065153718712513,0.01,2
2020-12-06,18699.765625,0,0.0889412823996593,0.0937052583662821,0.1260145298261754,91.8,-0.0119460457307845,0.13,2
2020-12-13,18058.904296875,1,-0.0348721143731669,0.1019388430215135,-0.3142160877743869,91.6,0.0030824155649797,-0.0699999999999999,2
2020-12-20,23137.9609375,1,0.2478357233787775,0.1482555123941335,0.33805770838811,93.0,-0.0106079084655359,0.0499999999999999,2
2020-12-27,23735.94921875,1,0.0255161442020579,0.1216540201196678,-0.1195315565903527,89.75,0.0034378208586671,-0.01,2
2021-01-03,29001.720703125,1,0.2003644192495581,0.1357565619467104,0.0540087845182277,92.25,-0.0043268429450842,-0.0099999999999998,2
2021-01-10,40797.609375,0,0.3412683231266715,0.132455790928908,0.7242133907915758,93.2,0.0017773391915056,0.1999999999999998,2
2021-01-17,36825.3671875,0,-0.1024365524971351,0.1947347781056356,0.0049390646847768,84.6,0.0075188359025917,-0.0199999999999997,2
2021-01-24,33005.76171875,1,-0.1095047896823171,0.2250336347310789,-0.3647860211766627,68.25,-0.0059662195045087,-0.01,2
2021-01-31,34316.38671875,1,0.0389408432255269,0.2108605295202768,0.3088574907240904,71.0,0.0037606942658641,0.01,2
2021-02-07,38144.30859375,1,0.1057535746510911,0.1065429754706491,-0.1861221378699902,78.4,0.0050655220914945,0.0799999999999998,2
2021-02-14,47504.8515625,1,0.2194552823421425,0.1374058709545176,0.3369133365344403,91.0,-0.0061701115250887,0.01,2
2021-02-21,55888.1328125,0,0.1625202204835041,0.0773053458551279,-0.4723998879293098,93.5,-0.0013271705547843,0.1400000000000001,2
2021-02-28,46339.76171875,1,-0.1873516874961698,0.1810168245128411,0.8922667465119041,79.6,0.0062882847395151,0.0999999999999998,2
2021-03-07,48927.3046875,1,0.0543352417432068,0.1799363436442654,-0.9596134717637312,71.0,0.011481215514137,0.1200000000000001,2
2021-03-14,57332.08984375,1,0.1585248804250518,0.1640703500461857,0.0520417636520278,74.6,-0.003266942312984,0.0799999999999998,2
2021-03-21,58346.65234375,0,0.0175414859475342,0.1449453814713675,0.0784333414583251,72.2,0.0026143573252737,0.1,2
2021-03-28,55137.3125,1,-0.0565753202500314,0.0895116979532345,0.0565313886513116,63.0,0.0092046618592185,-0.07,2
2021-04-04,59095.80859375,0,0.0693333364817032,0.0904287159141266,-0.2532459676808791,73.5,0.0017232493735512,0.02,2
2021-04-11,58245.00390625,1,-0.0145016823999633,0.0531146186823405,0.2333957291967863,72.2,-0.0083202881691688,-0.02,2
2021-04-18,61572.7890625,0,0.0555617180294305,0.0593890731682689,0.1313070446169888,76.0,-0.0065317682641952,-0.0799999999999998,2
2021-04-25,51093.65234375,1,-0.186559767732195,0.1175566981379799,0.014628678588064,68.0,-0.0076746013710637,-0.01,2
2021-05-02,57750.17578125,0,0.1224661240136235,0.1328749600120624,-0.3185646274485947,47.8,0.0046118251318967,0.0699999999999998,2
2021-05-09,57356.40234375,0,-0.0068419195500162,0.1327621005927046,0.2532252329819897,61.2,-0.0115696889700549,-0.0499999999999998,2
2021-05-16,49880.53515625,0,-0.139653624049842,0.1393622301614694,0.0967939278869316,51.6,0.0009969132519849,0.0299999999999998,2
2021-05-23,37304.69140625,0,-0.2905117559213312,0.1772107414543284,0.1704051319142365,20.2,-0.0033270858887677,0.0,1
2021-05-30,35697.60546875,1,-0.0440354808756797,0.1265380197606545,-0.4479376230787153,20.4,0.0001111039877264,-0.0499999999999998,1
2021-06-06,36894.40625,1,0.0329763345827398,0.1393520800143377,-0.6339292060743595,23.5,0.0012210759298145,-0.02,1
2021-06-13,37334.3984375,0,0.0118551643816076,0.148974701747751,0.4161273513487309,16.8,0.0046485770045299,-0.09,1
2021-06-20,35787.24609375,0,-0.0423235362274496,0.0388469439771206,-0.0842207612044809,30.0,0.0182729061491606,-0.02,3
2021-06-27,31637.779296875,1,-0.1232396217037941,0.0696736111505964,0.1356862534558054,19.2,-0.0045642960813765,0.09,3
2021-07-04,33897.046875,0,0.0689759438953299,0.0818181556371653,-0.2380243441569618,25.4,0.0045642960813765,-0.1,3
2021-07-11,33798.01171875,0,-0.0029259218903341,0.0801453094410014,-0.5182431693594793,22.0,-0.0010849003362283,-0.0699999999999998,3
2021-07-18,31421.5390625,1,-0.0729083607122493,0.0837426722143957,0.0107587716942987,21.6,0.0060600249184057,-0.06,3
2021-07-25,33581.55078125,1,0.0664832171186056,0.0673624711144987,0.0364300136212598,19.4,0.0023707038416649,-0.01,3
2021-08-01,42235.546875,1,0.2292853772036469,0.1293872959639817,0.4854274329499581,42.2,-0.0079966439293714,-0.06,2
2021-08-08,42816.5,1,0.0136613328353334,0.1271592840836571,-0.2062673902238465,48.0,0.0068119945379629,0.07,2
2021-08-15,47793.3203125,1,0.1099623450012057,0.0918289754638693,0.1334653366197464,69.2,-0.0030218715975669,-0.02,2
2021-08-22,49339.17578125,0,0.0318325187660626,0.0980763701232957,-0.0101294075107603,71.4,0.0105366352147324,-0.03,2
2021-08-29,49058.66796875,1,-0.0057015186855498,0.0507199829449412,-0.0049634243779728,75.4,-0.0087008180674219,0.05,2
2021-09-05,50025.375,0,0.01951348929685,0.0498829911649454,0.1059368932317283,73.0,-0.0070373431129953,0.02,2
2021-09-12,44883.91015625,1,-0.1084509945806413,0.0637757706928988,0.0189984830152205,54.25,0.0058498802669806,0.02,3
2021-09-19,47267.51953125,0,0.0517439868336779,0.0692636170152763,-0.1184170495956351,44.8,0.0066745335661577,0.02,3
2021-09-26,42839.75,1,-0.0983569590516904,0.0814461848291386,0.1974265202884808,31.6,0.0013939302494359,0.0999999999999998,3
2021-10-03,48116.94140625,1,0.1161679173927918,0.1114000436256688,-0.226020114990316,24.4,0.0075786142105798,0.01,3
2021-10-10,53967.84765625,1,0.1147541281742405,0.1008671864418003,0.1357806362279596,66.2,0.0003189493323469,0.1300000000000001,2
2021-10-17,61593.94921875,0,0.132175183284593,0.1099788052629302,0.118546218330966,72.0,-0.0013828761518812,-0.02,2
2021-10-24,60692.265625,1,-0.0147473684866561,0.0683480129287656,-0.0486049744281267,78.8,-0.0035190846840373,0.0699999999999998,2
2021-10-31,62227.96484375,0,0.0249882240061261,0.0705846100546364,-0.0604322421845395,71.4,0.0054333711370588,-0.1099999999999998,2
2021-11-07,61125.67578125,1,-0.0178724908061216,0.0701280433284083,-0.1013147046538094,73.8,0.0021226599527137,-0.1,2
2021-11-14,64155.94140625,0,0.0483847007136475,0.0320790602605577,0.1643069723915005,77.0,0.0085510953529048,0.1300000000000001,2
2021-11-21,58119.578125,0,-0.0988141241867239,0.0647562834203907,-0.0374631606558431,56.6,0.009832740898565,-0.04,3
2021-11-28,53569.765625,1,-0.0815177452201894,0.0669785948947102,-0.2644690912445817,43.0,0.0002081249328833,-0.06,3
2021-12-05,53598.24609375,0,0.0005315106432171,0.0693618937075786,0.1653135070569042,34.0,0.0003122252648468,-0.1299999999999999,3
2021-12-12,47243.3046875,0,-0.1262054012458993,0.0545514388506017,-0.1045040629038247,24.4,-0.0007285184556184,0.1299999999999999,3
2021-12-19,46202.14453125,1,-0.0222847287282306,0.0574600941395542,0.0190444595909795,25.8,0.0053992098315145,-0.07,3
2021-12-26,50784.5390625,0,0.0945657436617288,0.0906544262992395,-0.3901938319264317,32.75,-0.0057116626766564,0.09,3
2022-01-02,46306.4453125,0,-0.0923108000803463,0.0975400664497559,0.3136224559017933,31.6,-0.0036517175912207,0.02,3
2022-01-09,41557.90234375,1,-0.1081934670206532,0.0922968011852828,0.4038137599676794,21.8,0.000731411100733,0.24,3
2022-01-16,43099.69921875,0,0.0364283264056108,0.0988077191375887,-0.3291871372250945,21.6,-0.0059714148071101,0.02,3
2022-01-23,36457.31640625,1,-0.1673738556385426,0.0858358875238036,-0.4045230951695089,22.75,0.0049263893639421,-0.03,1
2022-01-30,37784.33203125,1,0.035752357406821,0.1032530171742756,0.299226444544022,18.4,0.016899446161485,0.03,1
2022-02-06,41500.875,1,0.0938199911813963,0.1146312652452449,-0.3058654616846255,22.8,-0.0185737457407197,0.1499999999999999,1
2022-02-13,42407.9375,0,0.0216210385541568,0.1132790754062808,0.28644192703943,49.4,0.0062643602002045,-0.01,3
2022-02-20,40030.9765625,0,-0.0576819814333013,0.0624206331972389,-0.243767849067602,45.0,-0.0004164159435093,0.0,3
2022-02-27,39214.21875,0,-0.0206141642300448,0.0650048182809762,0.0632621267551059,23.75,0.0060210066670771,0.05,3
2022-03-06,39137.60546875,0,-0.0019556227677135,0.0334866037696189,0.226441937064223,39.0,0.0207924603833244,-0.2299999999999999,0
2022-03-13,38794.97265625,1,-0.0087931139558161,0.0248398221451057,-0.0460355728322525,23.2,0.0047530170943268,0.26,0
2022-03-20,41801.15625,1,0.0746333331123807,0.0432363231439106,0.0017647683196067,24.0,-0.0090195631695548,0.1400000000000001,0
2022-03-27,44348.73046875,1,0.059160082432637,0.0422933991373705,-0.0057244191687111,34.8,0.0058870876377845,0.3399999999999998,0
2022-04-03,46281.64453125,0,0.0426613530132176,0.0362388008118974,0.1612298934984366,54.6,-0.0018233423802085,-0.0899999999999998,0
2022-04-10,42287.6640625,0,-0.0902500222853657,0.0756687799080857,-0.0849611057689578,44.8,0.0117927667775799,0.33,3
2022-04-17,39935.515625,0,-0.0572293698995221,0.0735277984678001,-0.2805120969490637,26.25,0.0051968599464338,0.1099999999999998,3
2022-04-24,39740.3203125,0,-0.0048997465973474,0.0584658525144605,0.2500943177608548,26.2,0.0089313040032452,0.0699999999999998,3
2022-05-01,38609.82421875,0,-0.0288595397681579,0.0368116068800783,0.098626438758572,23.6,0.0170441765499704,-0.0099999999999997,0
2022-05-08,36040.921875,0,-0.0688517458963229,0.0287831299180656,0.070577439726108,25.0,0.0067757936938424,0.2299999999999999,0
2022-05-15,29283.103515625,0,-0.2076443337683287,0.0906440194272561,0.5337505603527042,11.0,0.0086446978769876,-0.1899999999999999,1
2022-05-22,29200.740234375,0,-0.0028166184169897,0.0912049095693564,-0.6554304326132971,12.0,-0.0135767916565567,-0.1500000000000003,1
2022-05-29,28627.57421875,1,-0.0198236725748817,0.0928924136305701,0.0092124748655031,11.4,-0.0144519980327899,-0.0399999999999995,1
2022-06-05,29704.390625,0,0.0369244805037602,0.1088323812008033,-0.2017669429140127,14.0,0.0046121589665748,0.2199999999999997,1
2022-06-12,29083.8046875,0,-0.0211133880709386,0.0270705514149599,0.1733025838226964,13.8,0.0194877671139011,0.1899999999999999,1
2022-06-19,20471.482421875,1,-0.3511486630105285,0.1769865124666485,0.4079073713442938,8.4,0.005266906371089,0.1,1
2022-06-26,21231.65625,0,0.0364604709815381,0.1862901515815489,-0.7597219798493917,10.5,-0.0048829098725082,-0.1200000000000001,1
2022-07-03,19269.3671875,1,-0.0969766446450215,0.1709393130981191,0.1231458602369279,11.4,0.009076610729827,-0.25,1
2022-07-10,21731.1171875,0,0.1202285625357664,0.20596144531069,0.0327639237688153,18.75,0.0176295184156449,0.2099999999999999,1
2022-07-17,20836.328125,1,-0.0420471974217022,0.0946549784990947,0.0977046860750157,17.2,0.009764297821043,-0.1599999999999997,1
2022-07-24,22714.978515625,1,0.0863265456444697,0.1031818753047683,0.3396833370293102,29.6,-0.0123842934444073,-0.1600000000000001,3
2022-07-31,23804.6328125,0,0.0468556643341315,0.0700046655696309,-0.1339751532570829,31.0,-0.007807045362413,-0.1,3
2022-08-07,23289.314453125,1,-0.0218855695045956,0.0597098523023241,-0.2460578286202839,31.8,0.0067758701390534,0.1600000000000001,3
2022-08-14,24402.818359375,0,0.0467039839433418,0.0449700518966123,0.1045969984495727,37.2,-0.0093287413219327,0.0099999999999997,3
2022-08-21,20877.552734375,0,-0.1560240822233929,0.0956041787999524,0.0566430911193229,38.6,0.0237616508814753,0.1400000000000001,3
2022-08-28,20260.01953125,0,-0.0300250870869778,0.0844717334927975,0.0660719045483944,26.8,0.0058073157564528,0.06,3
2022-09-04,19969.771484375,1,-0.0144297584335966,0.0850937067740484,-0.0560853504952945,23.8,0.006687110719648,0.1600000000000001,3
2022-09-11,21381.15234375,0,0.068290097938803,0.0926432293116291,-0.0021616190323641,22.0,-0.004850590961591,0.1299999999999999,3
2022-09-18,19772.583984375,0,-0.0782134714185183,0.0609681903275481,0.255522448059903,26.8,0.0069483012111728,0.1200000000000001,3
2022-09-25,19297.638671875,1,-0.0243135911187444,0.0605203567589684,-0.0113628412015245,21.8,0.0307716607731105,0.2399999999999997,3
2022-10-02,19431.7890625,1,0.0069275966612405,0.0611925281444677,0.1689885115930351,20.8,-0.0094980934200323,0.1400000000000001,3
2022-10-09,19546.849609375,0,0.0059037916661992,0.0399166451620329,-0.3869617917412356,23.6,0.0060466153251539,0.06,0
2022-10-16,19185.65625,0,-0.0186511986204163,0.016277374936257,0.001371241568421,22.0,0.0045110377276706,0.1099999999999998,0
2022-10-23,19172.46875,1,-0.0006875988083141,0.0118406047190063,-0.1752718485230566,22.2,-0.0115392317507874,0.2099999999999999,0
2022-10-30,20595.3515625,1,0.0715900673095646,0.039424314408076,0.517038548346072,27.4,-0.0120353883639143,-0.1900000000000004,0
2022-11-06,21147.23046875,0,0.0264435517875494,0.0392620275893199,0.0746423988489262,30.2,0.0018957269393142,0.1500000000000003,0
2022-11-13,17034.29296875,0,-0.2162804041851949,0.127887630724473,0.512225956454003,28.0,-0.0422772945118561,-0.3500000000000001,1
2022-11-20,16697.77734375,0,-0.0199529282523514,0.1267871465055234,-0.8628942490588223,22.4,0.0060032014635673,0.0,1
2022-11-27,16521.841796875,1,-0.0105923665830456,0.1093080044897042,-0.3783672152609618,21.25,-0.0091127618589847,-0.1399999999999996,1
2022-12-04,17088.66015625,1,0.0337318439775522,0.1111652228952237,0.0287166748531788,27.4,-0.0133962006994581,-0.1700000000000003,3
2022-12-11,17133.15234375,0,0.0026002253719479,0.0234275077346033,-0.1836531392389737,26.2,0.0024837088243474,0.06,0
2022-12-18,16647.484375,1,-0.0287562037200235,0.0263403437893741,0.1294838170080012,28.8,-0.001050075159596,-0.0899999999999998,0
2022-12-25,16796.953125,0,0.0089383919312329,0.0257114267536136,-0.2990516777252594,27.8,-0.003731877446266,0.27,0
2023-01-01,16602.5859375,1,-0.0116390457564445,0.0167418274163174,-0.3156616305708084,27.75,-0.00760241295787,0.1299999999999999,0
2023-01-08,16951.96875,1,0.0208255149263756,0.0219676064490668,-0.0440967635838021,27.5,0.0034715620298815,-0.33,0
2023-01-15,19909.57421875,1,0.1608167550271062,0.0785410031134155,0.6606824478322899,27.6,-0.0163047124456374,-0.0599999999999996,3
2023-01-22,22676.552734375,1,0.1301307389170656,0.083356880165896,-0.1086321366131386,49.75,-0.0018607792731488,-0.0100000000000002,3
2023-01-29,23078.728515625,1,0.0175798783433283,0.0739830183759212,0.2543097531314089,52.4,-0.000784562461515,0.04,3
2023-02-05,23449.322265625,0,0.0159302434104766,0.0753672709472952,0.0038814085504341,57.6,0.0096656634481995,0.0099999999999997,3
2023-02-12,21651.18359375,1,-0.07978147081052,0.0858367010793111,0.0011668108939311,54.2,0.0068748670698957,0.2100000000000004,3
2023-02-19,24565.6015625,0,0.1262870315109854,0.084213409127395,0.1861574745927718,54.8,0.0022170076004579,0.0799999999999996,3
2023-02-26,23198.126953125,0,-0.0572756132884979,0.0928100372677188,-0.3221349056598015,57.0,0.0129144998254435,0.1300000000000003,3
2023-03-05,22362.6796875,0,-0.0366780566161821,0.093766451641825,-0.0380425503603092,50.8,-0.0065799355835007,0.02,3
2023-03-12,20187.244140625,1,-0.1023425572638085,0.0997043415984034,0.1484285120184125,45.0,0.0005739377338436,-0.27,3
2023-03-19,27423.9296875,1,0.306365051754252,0.1879100255813687,0.5608814028437763,51.6,-0.0083538124947555,-0.31,2
2023-03-26,27493.28515625,1,0.0025258202121136,0.1811732388470423,-0.3455432531535294,62.8,-0.0057051485081336,-0.0100000000000002,2
2023-04-02,28478.484375,0,0.0352070692374315,0.1741340910904791,-0.5167338042457637,60.6,-0.005933009631196,0.1,2
2023-04-09,28044.140625,1,-0.015369148184007,0.1509150073211835,-0.4003542413874221,62.5,-0.0067538301575682,-0.1800000000000001,2
2023-04-16,30485.69921875,0,0.083477975808158,0.043397708790079,0.4014667056623082,64.8,-0.0026552273988125,0.2200000000000002,2
2023-04-23,27276.91015625,1,-0.1112171330885782,0.0832625650060949,0.0575831686164676,58.4,0.0026552273988125,0.0499999999999998,2
2023-04-30,29340.26171875,1,0.0729201303845243,0.0906811135102955,0.0737759371498825,57.0,-0.0014742891996952,-0.1299999999999999,2
2023-05-07,29534.384765625,0,0.0065944769762253,0.0894957752663979,-0.2445142360478591,61.4,-0.0045346991222956,0.0,2
2023-05-14,26804.990234375,1,-0.096967096895657,0.0875475740539255,0.0253188020247137,52.8,0.014419801820054,0.02,3
2023-05-21,26890.12890625,0,0.003171191146869,0.0700535937803709,-0.2684737647412625,50.6,0.005051464501121,0.2400000000000002,3
2023-05-28,26719.291015625,1,-0.0063734496352356,0.049354897944196,-0.0168878080865795,49.8,0.0097392617427622,0.0999999999999996,0
2023-06-04,27249.58984375,0,0.0196526549204261,0.0523411478537673,-0.1461179739425269,51.0,-0.0018249291460037,-0.1099999999999998,0
2023-06-11,26480.375,0,-0.0286345767905196,0.0201637429080393,0.3853828052043297,50.0,-0.0044320247643874,0.06,0
2023-06-18,26327.462890625,1,-0.0057912818573413,0.0197360110972079,-0.1729867516547365,45.2,-0.012241428519502,0.02,0
2023-06-25,30695.46875,0,0.1535024352370548,0.0816318003473288,0.32831828802464,59.5,0.0058479548797238,-0.0299999999999998,3
2023-07-02,30477.251953125,0,-0.0071344782439979,0.0843299432616953,-0.1418214823246941,57.2,9.719776479499842e-05,0.0699999999999998,3
2023-07-09,30342.265625,0,-0.0044389220812028,0.0796529334605901,-0.3351772952069005,58.5,-0.0062385134398583,0.2499999999999995,3
2023-07-16,30334.068359375,0,-0.0002701964715594,0.0787757763356079,0.327428773455015,58.8,-0.023346524594686,-0.2299999999999995,3
2023-07-23,29908.744140625,0,-0.0141205653655642,0.0058176098252238,-0.2978679228578649,53.2,0.0115435256681122,0.0099999999999997,0
2023-07-30,29319.24609375,0,-0.0199067201666522,0.0089501891796416,-0.0476803858236749,51.8,0.005427050126431,0.1200000000000001,0
2023-08-06,29074.091796875,1,-0.0083967022987518,0.0083774925912457,0.1901885220111658,52.4,0.0039284463965651,0.0899999999999998,0
2023-08-13,29397.71484375,0,0.0110694835687841,0.0134527533195277,-0.032011896954426,51.4,0.0080055071977938,0.1100000000000003,0
2023-08-20,26049.556640625,0,-0.1209161964199232,0.0589877873474205,0.3006362643532974,48.4,0.0052371464121536,0.0999999999999996,3
2023-08-27,26047.66796875,0,-7.250566186556284e-05,0.0614114690979962,-0.321665035083079,38.4,0.0067483585969467,-0.0099999999999997,3
2023-09-03,25800.724609375,1,-0.0095256656710649,0.0612841292594107,0.2938765108379648,43.8,0.0015360605261918,-0.0700000000000002,3
2023-09-10,25905.654296875,1,0.0040586803315481,0.0598057488483739,-0.7210846563651039,42.25,0.0081211787069372,0.08,3
2023-09-17,26608.693359375,0,0.0267767229164768,0.0153997222363858,0.448121013452269,40.2,0.0021862407003618,0.0700000000000002,0
2023-09-24,26579.568359375,1,-0.0010951665638181,0.0155268182203947,-0.0718606370760035,45.8,0.0024656450077849,0.1100000000000003,0
2023-10-01,26911.720703125,1,0.0124190917308109,0.0121730133533011,-0.1360274446274729,46.2,0.005572589040752,0.1499999999999994,0
2023-10-08,27946.59765625,0,0.0377335569574039,0.0169168631497185,0.1517981534480768,49.4,-0.0012251757244232,0.1900000000000004,0
2023-10-15,26862.375,1,-0.0395688539096159,0.0322616399317073,-0.1178288678194334,47.2,0.0057360691700933,-0.1500000000000003,0
2023-10-22,29682.94921875,1,0.0998461719404701,0.0579203850803518,0.4179445125316725,50.8,-0.0046050347046264,0.2999999999999998,2
2023-10-29,33909.80078125,1,0.1331313006228711,0.0759957025989405,0.4571677218950718,66.4,0.0037607593609001,-0.0899999999999998,2
2023-11-05,34732.32421875,1,0.0239667058321142,0.0775033128776566,-0.4341207042441581,67.4,-0.0145574076359791,-0.2699999999999996,2
2023-11-12,37313.96875,0,0.0716969668360576,0.0462125838340847,0.1556200927151501,69.4,0.0079666959504853,0.04,2
2023-11-19,36596.68359375,1,-0.0194101297530213,0.0654600417777639,0.0828066548130372,66.8,-0.019458844735877,-0.1699999999999999,2
2023-11-26,37720.28125,1,0.0302402898849205,0.0372865132238392,-0.2401968531627716,67.0,-0.0040536506282347,0.0299999999999993,2
2023-12-03,38688.75,1,0.0253509461064727,0.0372600506743893,0.0985927937881463,70.2,-0.001258091654444,-0.25,2
2023-12-10,44166.6015625,0,0.1324200225999181,0.0641933951997733,0.4281724350946412,73.0,0.0071401837268094,0.0100000000000006,2
2023-12-17,41929.7578125,1,-0.0519730975301939,0.0756456994522062,-0.1403481099283716,69.6,-0.0141365546266243,-0.3200000000000003,2
2023-12-24,43997.90234375,0,0.0481461736058541,0.075877747117012,-0.1377291669605256,71.2,-0.0083232412300571,-0.0100000000000002,2
2023-12-31,42099.40234375,1,-0.0441084142990177,0.0870161977709762,-0.1382926482676083,70.5,-0.0036447375166233,-0.02,2
2024-01-07,44162.69140625,0,0.0478468023340479,0.0555401465779017,0.3532484467427572,70.25,0.0106018643162011,0.1699999999999999,2
2024-01-14,42853.16796875,0,-0.0301007729074189,0.0494649569735324,0.4016677154110546,73.4,-9.767234007185266e-05,-0.0899999999999998,2
2024-01-21,41618.40625,1,-0.0292370465594853,0.0417249163483318,-0.8388466524670655,59.5,0.0086538473756325,0.1900000000000004,2
2024-01-28,41816.87109375,1,0.0047573454389659,0.0367943594714568,0.281296251052165,50.8,0.0017411525323112,0.0,2
2024-02-04,43185.859375,1,0.0322132396005052,0.0299783992698509,-0.1511469392890418,60.4,0.0043396273279832,-0.1200000000000001,2
2024-02-11,47147.19921875,1,0.0877614934202579,0.0494549777766052,0.1116398914326097,64.8,0.0015384970545166,0.1399999999999996,2
2024-02-18,52160.203125,0,0.1010452060744597,0.0455656778224619,0.3652941365881155,73.4,0.0019197255622751,0.1299999999999999,2
2024-02-25,50731.94921875,1,-0.0277639376445577,0.0588324511158583,-0.4805396668744386,75.0,-0.0032657442903802,-0.04,2
2024-03-03,62440.6328125,1,0.2076603560913206,0.0962987985881212,0.9188761493969722,78.6,-0.0007699887760583,-0.0699999999999994,2
2024-03-10,68300.09375,1,0.0896949088713778,0.0962741053836366,0.2448293353806399,82.0,-0.0108423400463149,-0.1000000000000005,2
2024-03-17,69403.7734375,0,0.0160300991363175,0.1029577594109999,-0.102735468653222,83.0,0.006693554093732,0.2199999999999997,2
2024-03-24,63778.76171875,1,-0.0845209918226626,0.1231178799390558,-0.1297121641345597,76.6,0.0096219350734916,-0.0899999999999998,2
2024-03-31,70744.953125,0,0.1036609535464521,0.0862046343265064,-0.5845648738527061,79.75,0.0011484616503425,-0.0199999999999995,2
2024-04-07,67837.640625,0,-0.0419639877008339,0.0814366672747252,0.2014101549349547,75.6,-0.0023940637979507,0.1899999999999995,2
2024-04-14,67195.8671875,0,-0.0095054669039882,0.080580027480302,-0.0104924596763709,77.8,0.0165449987884676,0.1100000000000003,2
2024-04-21,63843.5703125,0,-0.0511758679264406,0.0712171211540525,0.1400063460133083,65.8,0.0010368124693904,0.1200000000000001,2
2024-04-28,63755.3203125,0,-0.0013832410867973,0.0242674505365937,-0.4316451823431109,71.6,-0.0019802833624478,0.0499999999999998,2
2024-05-05,62889.8359375,0,-0.0136680766082086,0.0220921884273214,0.2506062184367792,55.8,-0.0086269071492992,-0.1699999999999999,2
2024-05-12,60792.77734375,1,-0.0339135716031613,0.0219908060834511,-0.2886157799712805,64.8,0.0026623461972024,0.0,2
2024-05-19,67051.875,1,0.0979955853152425,0.0587111359858646,0.148959282817831,66.2,-0.0081998994242917,-0.08,2
2024-05-26,68526.1015625,0,0.0217481438545981,0.058055208429516,0.2247345740896627,74.4,0.0025816744733022,0.04,2
2024-06-02,67491.4140625,1,-0.0152143266831892,0.0583411623837504,-0.5149485278491817,72.5,-0.0004776068852763,0.0499999999999998,2
2024-06-09,69342.5859375,0,0.0270588424371265,0.047296605383217,0.3173563746503198,75.2,0.0020996497813472,-0.08,2
2024-06-16,66011.09375,0,-0.0492364181284674,0.0355887694202545,-0.0726937970750363,72.4,0.0062726270526969,-0.2299999999999995,2
2024-06-23,64096.19921875,0,-0.0294377474132296,0.0323414698215659,-0.2026557474847621,67.0,0.0023657450615495,0.0499999999999998,2
2024-06-30,60320.13671875,0,-0.0607190773546921,0.0389659627970071,0.1506653379607989,42.8,0.0006614040294659,0.1100000000000003,0
2024-07-07,56662.375,1,-0.0625555800346866,0.0152203922458853,-0.0754462260297934,45.75,-0.0093951390306656,-0.08,0
2024-07-14,57899.46484375,1,0.0215977315485602,0.0393076987516907,0.1242862202530226,27.4,-0.0075609389223583,-0.1000000000000005,0
2024-07-21,66710.15625,1,0.1416490671777008,0.0961448285450544,0.1752965121463106,61.4,0.0029738157190042,0.0700000000000002,2
2024-07-28,67912.0625,0,0.0178564607976454,0.084161721203844,-0.0111108585083137,69.2,-0.0007665948112753,-0.0499999999999998,2
2024-08-04,61415.06640625,0,-0.1005584834825423,0.0988937422961208,0.0716303043012374,62.2,-0.0106973565456485,-0.4000000000000003,3
2024-08-11,60880.11328125,0,-0.0087486119795112,0.0999030990171802,0.3962402497340136,28.0,-0.0006784560021992,0.1400000000000001,3
2024-08-18,58894.10546875,1,-0.0331655655635536,0.0507446397938776,-0.5398987474265624,28.4,-0.0066148131295182,-0.0499999999999998,3
2024-08-25,64094.35546875,0,0.084615293121173,0.0766189285268375,-0.0123235588712518,31.4,-0.0171280677197342,-0.08,3
2024-09-01,59119.4765625,0,-0.0807958790529692,0.0695255638874198,0.0673812210901196,39.2,0.0096828711912015,0.1,3
2024-09-08,53948.75390625,1,-0.0915258285455529,0.0806476803598473,-0.1844760343481688,26.0,-0.0051261611671051,-0.1899999999999999,3
2024-09-15,60571.30078125,1,0.1157866021899831,0.1084344843735626,0.1564506263392111,31.8,-0.0006920727401391,-0.06,3
2024-09-22,63192.9765625,1,0.0423719682062824,0.100094494829328,0.1245742946358916,44.0,-0.0038646372839572,0.0699999999999998,3
2024-09-29,65790.6640625,0,0.0402847800790286,0.0863016465842185,-0.1960018237695564,54.8,-0.002983029483266,0.02,3
2024-10-06,62067.4765625,1,-0.0582558198214453,0.0714268601385456,0.2210936544833259,46.2,0.0206964963790925,0.2299999999999999,3
2024-10-13,62445.08984375,1,0.0060654831853561,0.0469635577348206,-0.2505545986718509,43.8,0.0036025817039533,0.1,0
2024-10-20,68418.7890625,0,0.0913598727231157,0.062774127871245,0.2841727571366661,66.0,0.0058145185825386,0.0,2
2024-10-27,66642.4140625,1,-0.0263062581731094,0.0643630593138695,-0.1387160694803597,70.8,0.0074128307912344,0.1699999999999999,2
2024-11-03,69482.46875,1,0.0417332499192451,0.050442002026615,0.2703307649402902,74.6,0.0001917775298734,0.1200000000000001,2
2024-11-10,76545.4765625,1,0.0968105565281476,0.0571244725955755,0.3501892846783221,72.4,0.0068807727982358,-0.0700000000000002,2
2024-11-17,91066.0078125,1,0.1736995750694099,0.0847299631691943,0.51133866407487,81.6,0.0159671059290245,0.1299999999999999,2
2024-11-24,98997.6640625,0,0.0835116503809967,0.055088337588084,-0.2864712652533221,86.4,0.0074703440246643,-0.0199999999999995,2
2024-12-01,97461.5234375,1,-0.0156385858218541,0.0777534361301642,-0.3077240339438702,78.5,-0.0164145695065789,-0.2300000000000004,2
2024-12-08,99920.7109375,1,0.0249193121529849,0.082172147597292,0.4334187154784494,78.0,0.0021728161014387,-0.0299999999999993,2
2024-12-15,101459.2578125,0,0.0152803361778186,0.0414459249701833,-0.0692911927977206,77.8,0.009672787755834,0.25,2
2024-12-22,97755.9296875,0,-0.0371834582465506,0.0285295432083211,0.0597583240974515,80.0,0.0057776951204786,0.1199999999999992,2
2024-12-29,94164.859375,1,-0.037426789533999,0.0333757027154864,-0.7674400866634308,74.0,0.0035246975418354,0.1000000000000005,2
2025-01-05,98107.4296875,0,0.0410160303034388,0.0392229864386257,-0.1548864257303783,68.25,0.0087578062557813,-0.0200000000000004,2
2025-01-12,94701.453125,1,-0.035333754976488,0.0388432610111686,0.500290067773161,68.6,0.0064044553998003,0.1699999999999999,2
2025-01-19,104462.0390625,1,0.0980943982659479,0.0654560609618249,0.0371540093464695,68.8,-0.002739755611107,-0.1599999999999992,2
2025-01-26,104819.484375,0,0.0034159313655806,0.0568401410430976,-0.0375423657116584,77.5,-0.0176211582302743,0.0199999999999995,2
2025-02-02,102405.0234375,0,-0.0233039058058235,0.0604599299570503,-0.0976873081781697,72.2,0.0086187483409698,-0.0499999999999998,2
2025-02-09,96529.0859375,1,-0.0590913967997615,0.0672748063177087,0.2216321262724854,52.6,-0.003049785881009,-0.0899999999999998,2
2025-02-16,97508.96875,0,0.0100999893435016,0.031424254224912,-0.5427873755693078,46.8,-0.0136994940291348,-0.0200000000000004,0
2025-02-23,96125.546875,0,-0.0142892439363411,0.0286754023061163,-0.2874907983023576,48.75,0.0003752783182244,-0.0499999999999998,0
2025-03-02,84373.0078125,1,-0.1304075792135517,0.0617126121638605,0.8257802268518262,24.2,0.0093362641967154,-0.1799999999999997,1
2025-03-09,86742.671875,0,0.0276984033925984,0.0712336810261734,-0.1086161010207256,25.4,-0.0356623681952541,0.08,1
2025-03-16,83969.1015625,1,-0.0324970485629787,0.0669486249854824,-0.3639532652104371,30.0,-0.0011562452492519,-0.0100000000000006,3
2025-03-23,84043.2421875,1,0.000882561699429,0.0690880205680906,-0.46350719177331,35.6,0.0035609019055522,-0.0599999999999996,3
2025-03-30,84353.1484375,0,0.0036806798378332,0.0247492234309686,0.1258346347700687,44.4,-0.0004804249650183,0.0199999999999995,0
2025-04-06,83843.8046875,0,-0.0060565342890939,0.0165149454176833,0.2199005119877277,33.0,-0.0098523378280361,-0.2599999999999998,0
2025-04-13,83404.8359375,1,-0.0052493073348696,0.0047327754482448,0.5072062883003916,25.8,-0.0319553613532326,0.4700000000000006,0
2025-04-20,84895.75,1,0.0177177406257449,0.0110489446725654,-1.0094899929757482,32.0,-0.0040168916619416,-0.1400000000000005,0
2025-04-27,94720.5,1,0.1095064166664805,0.0548043382779842,0.6261987545643493,56.2,0.0009052448993918,-0.0499999999999998,2
2025-05-04,96910.0703125,1,0.0228529884525361,0.0503706668545005,-0.3714959110802134,58.0,0.0053140825516964,0.04,2
2025-05-11,102970.8515625,1,0.0606625153497741,0.0424459353539982,0.5684888660291421,63.2,0.0033941965710102,0.04,2
2025-05-18,103489.2890625,1,0.0050221663911109,0.0462374747404566,-0.0032494292874325,70.8,0.0074467903806354,0.0599999999999996,2
2025-05-25,107287.796875,0,0.0360467941068609,0.0234269871741167,0.2020544085714881,73.0,-0.0197808223627955,0.08,2
2025-06-01,103998.5703125,1,-0.0311377620865727,0.0396998170076194,-0.1652366446736692,70.4,0.0022173080843774,-0.0999999999999996,2
2025-06-08,104390.34375,1,0.0037600263030341,0.0274555952867939,-0.0917382428604085,58.4,-0.0014104312899858,0.0999999999999996,2
2025-06-15,106090.96875,0,0.0161597434726363,0.0282258117709518,0.1627955612825573,67.4,-0.0102346956330974,-0.0999999999999996,2
2025-06-22,103309.6015625,1,-0.0265666016910888,0.02304850518725,-0.3343730129172009,58.75,0.0053837174166408,-0.0300000000000002,2
2025-06-29,107088.4296875,1,0.0359246186850175,0.026187404481584,0.2199310219792885,63.4,-0.0133600228402794,-0.0899999999999998,2
2025-07-06,109647.9765625,1,0.0236200822699679,0.0271525091008687,-0.2787212767617006,66.5,-0.0022612941965256,0.0599999999999996,2
2025-07-13,117516.9921875,1,0.0693079163990102,0.0397586504844795,0.5382317407950907,69.2,0.0068707461299517,0.08,2
2025-07-20,118003.2265625,0,0.0041290303515655,0.027374519933074,0.41917312596469,72.8,0.0064178377156389,0.0100000000000006,2
2025-07-27,117635.8828125,0,-0.0031178529621307,0.0325685086196082,-0.2455328142493371,71.6,-0.008463843014975,-0.04,2
2025-08-03,113320.0859375,1,-0.0373776815563946,0.0445576932858984,-0.0801604638318345,71.8,0.0105939759733599,-0.1699999999999999,2
2025-08-10,116688.7265625,1,0.0292934994391895,0.0275043223130044,-0.2700867120267034,62.8,-0.0051811171838114,0.0399999999999991,2
2025-08-17,117398.3515625,0,0.0060629333276409,0.0276591019608999,0.432791436334444,69.2,-0.0033668534902124,0.0600000000000005,2
2025-08-24,116874.0859375,0,-0.0044756993674841,0.0276974045080625,-0.1908268397616446,52.0,-0.0013294193666384,-0.0700000000000002,0
2025-08-31,108410.8359375,1,-0.0751691201899635,0.0449997462354388,0.0032787156299036,48.8,0.0005114883011874,-0.0299999999999993,0
2025-09-07,110650.984375,1,0.0204529162194209,0.0425042648596751,-0.3229087387072979,50.75,0.0,-0.1300000000000007,0
2025-09-14,116101.578125,0,0.0480845186672791,0.0528205380944062,-0.0529804151913566,51.8,-0.0022526488294154,-0.04,0
2025-09-21,115688.859375,0,-0.0035611407495217,0.0528127119961917,0.0182965135385941,52.6,0.0009221409205615,0.08,0
2025-09-28,109712.828125,1,-0.0530380419847702,0.0428972721442172,0.1895920548929623,40.8,0.0052096969951485,0.0600000000000005,0
2025-10-05,122266.53125,0,0.1083370454766896,0.069242629021732,0.1443520408115226,55.2,-0.004390677387482,-0.0700000000000002,3
2025-10-12,113214.3671875,0,-0.0769202678286991,0.0823019243699494,0.2454823564512942,67.0,0.0128115845576255,-0.08,3
2025-10-19,106467.7890625,1,-0.0614405870482404,0.086634875331264,-0.04270517743279,32.0,-0.0055722046974562,-0.0300000000000002,3
2025-10-26,111033.921875,0,0.0419932678180394,0.087856334092698,-0.1943011926455362,29.0,0.0052690024656065,0.0,3
2025-11-02,109556.1640625,0,-0.013398425528873,0.053611196929083,-0.0911414891177884,43.0,0.0085535726889922,0.0900000000000007,3
2025-11-09,103372.40625,0,-0.058099269234173,0.0483930927526843,0.2714722835792074,27.4,-0.0020060646256698,0.0,3
2025-11-16,94397.7890625,0,-0.0908204104107532,0.0575827166206447,0.0082329693398364,22.0,-0.0033187724850476,0.0299999999999993,3
2025-11-23,85090.6875,1,-0.103800052419924,0.0403035245418433,0.1780574021042014,13.0,0.0091251941903092,-0.08,3
2025-11-30,90919.265625,0,0.0662543222868166,0.0776651377729297,-0.634599590235208,19.75,-0.0072130268941332,-0.04,3
2025-12-07,89387.7578125,1,-0.0169881862136271,0.0783561557787905,0.332784986579032,25.8,-0.0047367307301611,0.1200000000000001,3
2025-12-14,90270.4140625,0,0.009826030650835,0.0708273409835377,-0.1061793340682939,25.2,-0.0059779937863435,0.0500000000000007,3
2025-12-21,88103.3828125,0,-0.0242988366105088,0.0410794923548339,-0.372491509788432,15.2,0.0020304265680373,-0.0300000000000002,0
2025-12-28,87301.4296875,1,-0.0091440901930059,0.0146856394341368,-0.4312244334730231,23.25,-0.0058997408991787,-0.0200000000000004,0
2026-01-04,89944.6953125,1,0.0298281454924413,0.0234568546013119,0.0923734266241922,24.0,0.004072511599368,0.0500000000000007,0
2026-01-11,90513.1015625,1,0.0062996239522057,0.0231059103300258,0.3366591244102679,33.4,0.0071880755046018,-0.0100000000000006,0
2026-01-18,95525.1171875,0,0.0538946112309872,0.02758213529809,0.0561967150998548,42.2,0.0026194065010027,0.0600000000000005,0
2026-01-25,89503.875,0,-0.0651072996723609,0.0513738026639823,-0.2794384771919986,25.0,-0.0181740210538965,0.0,1
2026-02-01,84128.65625,0,-0.0619346713025485,0.0574514966922534,0.3483902541363761,24.0,-0.0062696194048559,0.0199999999999995,1
2026-02-08,70555.390625,0,-0.1759491651750835,0.09385331133183,0.5479409570551717,13.2,0.0065769367248318,-0.04,1
2026-02-15,68857.84375,0,-0.0243539400699237,0.0654150527309116,-0.6824497305805401,9.6,-0.0077117242105329,-0.1799999999999997,1
2026-02-22,68005.421875,0,-0.0124567084319444,0.074561006783066,-0.4383743860124305,8.5,0.0094515373503538,0.04,1
2026-03-01,65881.796875,1,-0.0317252555463198,0.0769624308324069,0.4422551227645641,9.6,-0.0019446548050039,-0.1099999999999998,3
2026-03-08,68136.4921875,1,0.0336507515098247,0.0293422643504608,0.183136926553395,14.8,0.0140388599116159,0.1800000000000001,0
2026-03-15,70968.265625,0,0.0407198826784469,0.0352340005993173,-0.0909914383301426,13.8,0.0137449142283925,0.1299999999999999,0
2026-03-22,70522.5859375,0,-0.0062997876762143,0.0341877687246231,-0.068260293493676,22.2,-0.0070996656086572,0.1099999999999994,0
2026-03-29,66338.375,1,-0.061164488225911,0.0467594533081504,-0.0971588760128874,11.2,0.0050050153765761,0.0500000000000007,0
2026-04-05,66888.5703125,1,0.0082595669980527,0.0425115240724869,-0.3062185576402179,9.75,-0.0011989485540429,-0.1300000000000007,0
2026-04-12,72979.046875,1,0.0871442656467369,0.061231720317341,0.2610536458762702,14.2,-0.0138918808574937,0.0,3
2026-04-19,77126.875,1,0.055279422275122,0.0644356273902088,0.1639741095804296,20.0,-0.0055908969192293,-0.0499999999999998,3
2026-04-26,77455.3125,1,0.0042493640377383,0.0397290238139648,-0.1917016054740301,35.8,0.0041707365360084,0.0499999999999998,0
2026-05-03,78179.0,1,0.0092999121369405,0.0394655615289894,-0.0915548840394819,32.2,-0.0030500537054614,0.08,0
